{
  "metadata": {
    "username": "Daniel",
    "timestamp": "20260131183937",
    "datetime": "2026-01-31 18:39:37",
    "filename": "Daniel_20260131183937.json",
    "analysis_id": "Daniel_20260131183937"
  },
  "parameters": {
    "tool": "FEM",
    "pattern_name": "Dense_250nm",
    "target_cd": 250,
    "cd_tolerance": 10,
    "pattern_type": "dense",
    "data_source": "uploaded",
    "timestamp": "2026-01-31T10:39:37.286Z"
  },
  "analysis_results": {
    "advanced_metrics": {
      "bossung_curves": {
        "curve_shape": {
          "curvature_coefficient": 40.67123774077719,
          "description": "Isolated space or contact hole behavior",
          "shape": "smile"
        },
        "curves": [
          {
            "data": [
              {
                "cd": 337.82559368695337,
                "focus": -1.5
              },
              {
                "cd": 309.38984759622247,
                "focus": -1.3571428571428572
              },
              {
                "cd": 350.5587980084912,
                "focus": -1.2142857142857144
              },
              {
                "cd": 307.558444416802,
                "focus": -1.0714285714285714
              },
              {
                "cd": 283.0818101902907,
                "focus": -0.9285714285714286
              },
              {
                "cd": 293.2812156794447,
                "focus": -0.7857142857142858
              },
              {
                "cd": 294.1225487217558,
                "focus": -0.6428571428571429
              },
              {
                "cd": 305.1583104072466,
                "focus": -0.5
              },
              {
                "cd": 297.0502425632689,
                "focus": -0.3571428571428572
              },
              {
                "cd": 299.31529615857926,
                "focus": -0.2142857142857144
              },
              {
                "cd": 303.2564034267506,
                "focus": -0.0714285714285716
              },
              {
                "cd": 320.4060235195543,
                "focus": 0.0714285714285714
              },
              {
                "cd": 280.54828396682746,
                "focus": 0.2142857142857142
              },
              {
                "cd": 333.8628578581696,
                "focus": 0.357142857142857
              },
              {
                "cd": 357.96851476410524,
                "focus": 0.5
              }
            ],
            "exposure": 160
          },
          {
            "data": [
              {
                "cd": 346.55208768766937,
                "focus": -1.5
              },
              {
                "cd": 325.7147581571785,
                "focus": -1.3571428571428572
              },
              {
                "cd": 322.3455549671294,
                "focus": -1.2142857142857144
              },
              {
                "cd": 320.1759547096174,
                "focus": -1.0714285714285714
              },
              {
                "cd": 301.85669899553227,
                "focus": -0.9285714285714286
              },
              {
                "cd": 290.44634432558274,
                "focus": -0.7857142857142858
              },
              {
                "cd": 303.98044137325746,
                "focus": -0.6428571428571429
              },
              {
                "cd": 278.0779072394903,
                "focus": -0.5
              },
              {
                "cd": 280.12296098539343,
                "focus": -0.3571428571428572
              },
              {
                "cd": 296.47833500052496,
                "focus": -0.2142857142857144
              },
              {
                "cd": 300.67429325963013,
                "focus": -0.0714285714285716
              },
              {
                "cd": 322.62453319065787,
                "focus": 0.0714285714285714
              },
              {
                "cd": 322.57790501532213,
                "focus": 0.2142857142857142
              },
              {
                "cd": 309.203789189289,
                "focus": 0.357142857142857
              },
              {
                "cd": 334.92145686175775,
                "focus": 0.5
              }
            ],
            "exposure": 180
          },
          {
            "data": [
              {
                "cd": 351.34275959207275,
                "focus": -1.5
              },
              {
                "cd": 342.99201945491063,
                "focus": -1.3571428571428572
              },
              {
                "cd": 323.066276628675,
                "focus": -1.2142857142857144
              },
              {
                "cd": 296.3661141867411,
                "focus": -1.0714285714285714
              },
              {
                "cd": 312.3148320747978,
                "focus": -0.9285714285714286
              },
              {
                "cd": 268.900070096672,
                "focus": -0.7857142857142858
              },
              {
                "cd": 294.0375453171193,
                "focus": -0.6428571428571429
              },
              {
                "cd": 305.3171855971896,
                "focus": -0.5
              },
              {
                "cd": 300.55175767027254,
                "focus": -0.3571428571428572
              },
              {
                "cd": 309.09137371200404,
                "focus": -0.2142857142857144
              },
              {
                "cd": 305.1683089554049,
                "focus": -0.0714285714285716
              },
              {
                "cd": 311.62426843544245,
                "focus": 0.0714285714285714
              },
              {
                "cd": 281.5711986065217,
                "focus": 0.2142857142857142
              },
              {
                "cd": 330.7802998122251,
                "focus": 0.357142857142857
              },
              {
                "cd": 338.7986709736193,
                "focus": 0.5
              }
            ],
            "exposure": 200
          },
          {
            "data": [
              {
                "cd": 319.06174177539657,
                "focus": -1.5
              },
              {
                "cd": 342.63420709991993,
                "focus": -1.3571428571428572
              },
              {
                "cd": 331.4159084880341,
                "focus": -1.2142857142857144
              },
              {
                "cd": 308.37981919609456,
                "focus": -1.0714285714285714
              },
              {
                "cd": 302.5371368603573,
                "focus": -0.9285714285714286
              },
              {
                "cd": 296.89224968033847,
                "focus": -0.7857142857142858
              },
              {
                "cd": 301.3866529329979,
                "focus": -0.6428571428571429
              },
              {
                "cd": 288.67611014829816,
                "focus": -0.5
              },
              {
                "cd": 301.47172932067065,
                "focus": -0.3571428571428572
              },
              {
                "cd": 285.78140966666047,
                "focus": -0.2142857142857144
              },
              {
                "cd": 297.73496151669474,
                "focus": -0.0714285714285716
              },
              {
                "cd": 311.6895007500735,
                "focus": 0.0714285714285714
              },
              {
                "cd": 318.17717767938234,
                "focus": 0.2142857142857142
              },
              {
                "cd": 295.40541932378227,
                "focus": 0.357142857142857
              },
              {
                "cd": 358.1247838441277,
                "focus": 0.5
              }
            ],
            "exposure": 220
          },
          {
            "data": [
              {
                "cd": 340.8279591712285,
                "focus": -1.5
              },
              {
                "cd": 285.45200224261544,
                "focus": -1.3571428571428572
              },
              {
                "cd": 327.93033605173457,
                "focus": -1.2142857142857144
              },
              {
                "cd": 285.2738728643963,
                "focus": -1.0714285714285714
              },
              {
                "cd": 328.7267272212491,
                "focus": -0.9285714285714286
              },
              {
                "cd": 327.94914039242457,
                "focus": -0.7857142857142858
              },
              {
                "cd": 297.8757885786355,
                "focus": -0.6428571428571429
              },
              {
                "cd": 273.3688618749318,
                "focus": -0.5
              },
              {
                "cd": 284.31637480339964,
                "focus": -0.3571428571428572
              },
              {
                "cd": 280.16811430840994,
                "focus": -0.2142857142857144
              },
              {
                "cd": 265.1790347220437,
                "focus": -0.0714285714285716
              },
              {
                "cd": 299.58770771554805,
                "focus": 0.0714285714285714
              },
              {
                "cd": 300.7052756979368,
                "focus": 0.2142857142857142
              },
              {
                "cd": 311.4478648987315,
                "focus": 0.357142857142857
              },
              {
                "cd": 341.73998341600594,
                "focus": 0.5
              }
            ],
            "exposure": 240
          },
          {
            "data": [
              {
                "cd": 364.7839270203741,
                "focus": -1.5
              },
              {
                "cd": 321.6020353509741,
                "focus": -1.3571428571428572
              },
              {
                "cd": 309.0761175755372,
                "focus": -1.2142857142857144
              },
              {
                "cd": 294.3472182178264,
                "focus": -1.0714285714285714
              },
              {
                "cd": 266.83785110708044,
                "focus": -0.9285714285714286
              },
              {
                "cd": 321.8877090429569,
                "focus": -0.7857142857142858
              },
              {
                "cd": 301.2895078891248,
                "focus": -0.6428571428571429
              },
              {
                "cd": 299.4380317790374,
                "focus": -0.5
              },
              {
                "cd": 299.9681914236467,
                "focus": -0.3571428571428572
              },
              {
                "cd": 279.2679889103918,
                "focus": -0.2142857142857144
              },
              {
                "cd": 285.51236775727443,
                "focus": -0.0714285714285716
              },
              {
                "cd": 304.51377240841737,
                "focus": 0.0714285714285714
              },
              {
                "cd": 317.323547998833,
                "focus": 0.2142857142857142
              },
              {
                "cd": 315.6872628994821,
                "focus": 0.357142857142857
              },
              {
                "cd": 347.0211015103124,
                "focus": 0.5
              }
            ],
            "exposure": 260
          },
          {
            "data": [
              {
                "cd": 315.8403967120985,
                "focus": -1.5
              },
              {
                "cd": 314.68795188746486,
                "focus": -1.3571428571428572
              },
              {
                "cd": 323.05377146386,
                "focus": -1.2142857142857144
              },
              {
                "cd": 330.3707533639993,
                "focus": -1.0714285714285714
              },
              {
                "cd": 305.4156415254443,
                "focus": -0.9285714285714286
              },
              {
                "cd": 304.9933697797773,
                "focus": -0.7857142857142858
              },
              {
                "cd": 288.2951925983934,
                "focus": -0.6428571428571429
              },
              {
                "cd": 305.39364665686094,
                "focus": -0.5
              },
              {
                "cd": 270.9663278394252,
                "focus": -0.3571428571428572
              },
              {
                "cd": 290.46984947841554,
                "focus": -0.2142857142857144
              },
              {
                "cd": 287.8057170247207,
                "focus": -0.0714285714285716
              },
              {
                "cd": 303.3684446606288,
                "focus": 0.0714285714285714
              },
              {
                "cd": 307.4297145756428,
                "focus": 0.2142857142857142
              },
              {
                "cd": 322.74238539202645,
                "focus": 0.357142857142857
              },
              {
                "cd": 325.68754983218736,
                "focus": 0.5
              }
            ],
            "exposure": 280
          },
          {
            "data": [
              {
                "cd": 320.4484662241816,
                "focus": -1.5
              },
              {
                "cd": 328.796951004798,
                "focus": -1.3571428571428572
              },
              {
                "cd": 290.1999478610932,
                "focus": -1.2142857142857144
              },
              {
                "cd": 312.06259183951937,
                "focus": -1.0714285714285714
              },
              {
                "cd": 308.1464941301855,
                "focus": -0.9285714285714286
              },
              {
                "cd": 304.76167955456816,
                "focus": -0.7857142857142858
              },
              {
                "cd": 293.40971634454377,
                "focus": -0.6428571428571429
              },
              {
                "cd": 294.3189759950027,
                "focus": -0.5
              },
              {
                "cd": 295.7601184535927,
                "focus": -0.3571428571428572
              },
              {
                "cd": 283.3444133064316,
                "focus": -0.2142857142857144
              },
              {
                "cd": 288.273002920812,
                "focus": -0.0714285714285716
              },
              {
                "cd": 280.579239708587,
                "focus": 0.0714285714285714
              },
              {
                "cd": 293.83946079004926,
                "focus": 0.2142857142857142
              },
              {
                "cd": 330.07685048476026,
                "focus": 0.357142857142857
              },
              {
                "cd": 341.1293303456823,
                "focus": 0.5
              }
            ],
            "exposure": 300
          },
          {
            "data": [
              {
                "cd": 292.667889903192,
                "focus": -1.5
              },
              {
                "cd": 351.046686225277,
                "focus": -1.3571428571428572
              },
              {
                "cd": 308.52892362126016,
                "focus": -1.2142857142857144
              },
              {
                "cd": 305.6543464149413,
                "focus": -1.0714285714285714
              },
              {
                "cd": 289.95387801188656,
                "focus": -0.9285714285714286
              },
              {
                "cd": 289.07972527918884,
                "focus": -0.7857142857142858
              },
              {
                "cd": 305.47335510434993,
                "focus": -0.6428571428571429
              },
              {
                "cd": 265.90561249130053,
                "focus": -0.5
              },
              {
                "cd": 272.7419324106416,
                "focus": -0.3571428571428572
              },
              {
                "cd": 307.32337648326467,
                "focus": -0.2142857142857144
              },
              {
                "cd": 293.4744816795051,
                "focus": -0.0714285714285716
              },
              {
                "cd": 316.79678822994816,
                "focus": 0.0714285714285714
              },
              {
                "cd": 309.48389654825604,
                "focus": 0.2142857142857142
              },
              {
                "cd": 327.3620493897111,
                "focus": 0.357142857142857
              },
              {
                "cd": 336.6691046640335,
                "focus": 0.5
              }
            ],
            "exposure": 320
          }
        ],
        "iso_focal_point": {
          "cd": 297.76341654001976,
          "focus": -0.6428571428571429,
          "variance": 28.823149435568908
        }
      },
      "dof_at_el": {
        "results": [
          {
            "dof": 0.11428571428571424,
            "el_percent": 5,
            "max_dof": 0.4285714285714284,
            "min_dof": 0
          },
          {
            "dof": 0.11428571428571424,
            "el_percent": 10,
            "max_dof": 0.4285714285714284,
            "min_dof": 0
          },
          {
            "dof": 0.11428571428571424,
            "el_percent": 15,
            "max_dof": 0.4285714285714284,
            "min_dof": 0
          },
          {
            "dof": 0.11428571428571424,
            "el_percent": 20,
            "max_dof": 0.4285714285714284,
            "min_dof": 0
          }
        ],
        "standard_metric": "DOF at 5% EL: 0.1143 μm"
      },
      "inscribed_rectangle": {
        "area": 102.85714285714283,
        "center_exposure": 260,
        "center_focus": -0.5000000000000001,
        "found": true,
        "height": 0.857142857142857,
        "width": 120
      },
      "opc_bias_recommendation": {
        "bias": -49.438031779037374,
        "current_cd": 299.4380317790374,
        "deviation": 49.438031779037374,
        "reason": "CD deviates 49.44 nm from target. Apply -49.44 nm OPC bias to center process window.",
        "recommended": true,
        "target_cd": 250
      },
      "process_robustness_score": {
        "max_score": 100,
        "percentage": 30,
        "rating": "Poor",
        "score": 30
      }
    },
    "bossung_data": {
      "curves": [
        {
          "data": [
            {
              "cd": 337.82559368695337,
              "exposure": 160,
              "focus": -1.5
            },
            {
              "cd": 309.38984759622247,
              "exposure": 160,
              "focus": -1.3571428571428572
            },
            {
              "cd": 350.5587980084912,
              "exposure": 160,
              "focus": -1.2142857142857144
            },
            {
              "cd": 307.558444416802,
              "exposure": 160,
              "focus": -1.0714285714285714
            },
            {
              "cd": 283.0818101902907,
              "exposure": 160,
              "focus": -0.9285714285714286
            },
            {
              "cd": 293.2812156794447,
              "exposure": 160,
              "focus": -0.7857142857142858
            },
            {
              "cd": 294.1225487217558,
              "exposure": 160,
              "focus": -0.6428571428571429
            },
            {
              "cd": 305.1583104072466,
              "exposure": 160,
              "focus": -0.5
            },
            {
              "cd": 297.0502425632689,
              "exposure": 160,
              "focus": -0.3571428571428572
            },
            {
              "cd": 299.31529615857926,
              "exposure": 160,
              "focus": -0.2142857142857144
            },
            {
              "cd": 303.2564034267506,
              "exposure": 160,
              "focus": -0.0714285714285716
            },
            {
              "cd": 320.4060235195543,
              "exposure": 160,
              "focus": 0.0714285714285714
            },
            {
              "cd": 280.54828396682746,
              "exposure": 160,
              "focus": 0.2142857142857142
            },
            {
              "cd": 333.8628578581696,
              "exposure": 160,
              "focus": 0.357142857142857
            },
            {
              "cd": 357.96851476410524,
              "exposure": 160,
              "focus": 0.5
            }
          ],
          "exposure": 160
        },
        {
          "data": [
            {
              "cd": 346.55208768766937,
              "exposure": 180,
              "focus": -1.5
            },
            {
              "cd": 325.7147581571785,
              "exposure": 180,
              "focus": -1.3571428571428572
            },
            {
              "cd": 322.3455549671294,
              "exposure": 180,
              "focus": -1.2142857142857144
            },
            {
              "cd": 320.1759547096174,
              "exposure": 180,
              "focus": -1.0714285714285714
            },
            {
              "cd": 301.85669899553227,
              "exposure": 180,
              "focus": -0.9285714285714286
            },
            {
              "cd": 290.44634432558274,
              "exposure": 180,
              "focus": -0.7857142857142858
            },
            {
              "cd": 303.98044137325746,
              "exposure": 180,
              "focus": -0.6428571428571429
            },
            {
              "cd": 278.0779072394903,
              "exposure": 180,
              "focus": -0.5
            },
            {
              "cd": 280.12296098539343,
              "exposure": 180,
              "focus": -0.3571428571428572
            },
            {
              "cd": 296.47833500052496,
              "exposure": 180,
              "focus": -0.2142857142857144
            },
            {
              "cd": 300.67429325963013,
              "exposure": 180,
              "focus": -0.0714285714285716
            },
            {
              "cd": 322.62453319065787,
              "exposure": 180,
              "focus": 0.0714285714285714
            },
            {
              "cd": 322.57790501532213,
              "exposure": 180,
              "focus": 0.2142857142857142
            },
            {
              "cd": 309.203789189289,
              "exposure": 180,
              "focus": 0.357142857142857
            },
            {
              "cd": 334.92145686175775,
              "exposure": 180,
              "focus": 0.5
            }
          ],
          "exposure": 180
        },
        {
          "data": [
            {
              "cd": 351.34275959207275,
              "exposure": 200,
              "focus": -1.5
            },
            {
              "cd": 342.99201945491063,
              "exposure": 200,
              "focus": -1.3571428571428572
            },
            {
              "cd": 323.066276628675,
              "exposure": 200,
              "focus": -1.2142857142857144
            },
            {
              "cd": 296.3661141867411,
              "exposure": 200,
              "focus": -1.0714285714285714
            },
            {
              "cd": 312.3148320747978,
              "exposure": 200,
              "focus": -0.9285714285714286
            },
            {
              "cd": 268.900070096672,
              "exposure": 200,
              "focus": -0.7857142857142858
            },
            {
              "cd": 294.0375453171193,
              "exposure": 200,
              "focus": -0.6428571428571429
            },
            {
              "cd": 305.3171855971896,
              "exposure": 200,
              "focus": -0.5
            },
            {
              "cd": 300.55175767027254,
              "exposure": 200,
              "focus": -0.3571428571428572
            },
            {
              "cd": 309.09137371200404,
              "exposure": 200,
              "focus": -0.2142857142857144
            },
            {
              "cd": 305.1683089554049,
              "exposure": 200,
              "focus": -0.0714285714285716
            },
            {
              "cd": 311.62426843544245,
              "exposure": 200,
              "focus": 0.0714285714285714
            },
            {
              "cd": 281.5711986065217,
              "exposure": 200,
              "focus": 0.2142857142857142
            },
            {
              "cd": 330.7802998122251,
              "exposure": 200,
              "focus": 0.357142857142857
            },
            {
              "cd": 338.7986709736193,
              "exposure": 200,
              "focus": 0.5
            }
          ],
          "exposure": 200
        },
        {
          "data": [
            {
              "cd": 319.06174177539657,
              "exposure": 220,
              "focus": -1.5
            },
            {
              "cd": 342.63420709991993,
              "exposure": 220,
              "focus": -1.3571428571428572
            },
            {
              "cd": 331.4159084880341,
              "exposure": 220,
              "focus": -1.2142857142857144
            },
            {
              "cd": 308.37981919609456,
              "exposure": 220,
              "focus": -1.0714285714285714
            },
            {
              "cd": 302.5371368603573,
              "exposure": 220,
              "focus": -0.9285714285714286
            },
            {
              "cd": 296.89224968033847,
              "exposure": 220,
              "focus": -0.7857142857142858
            },
            {
              "cd": 301.3866529329979,
              "exposure": 220,
              "focus": -0.6428571428571429
            },
            {
              "cd": 288.67611014829816,
              "exposure": 220,
              "focus": -0.5
            },
            {
              "cd": 301.47172932067065,
              "exposure": 220,
              "focus": -0.3571428571428572
            },
            {
              "cd": 285.78140966666047,
              "exposure": 220,
              "focus": -0.2142857142857144
            },
            {
              "cd": 297.73496151669474,
              "exposure": 220,
              "focus": -0.0714285714285716
            },
            {
              "cd": 311.6895007500735,
              "exposure": 220,
              "focus": 0.0714285714285714
            },
            {
              "cd": 318.17717767938234,
              "exposure": 220,
              "focus": 0.2142857142857142
            },
            {
              "cd": 295.40541932378227,
              "exposure": 220,
              "focus": 0.357142857142857
            },
            {
              "cd": 358.1247838441277,
              "exposure": 220,
              "focus": 0.5
            }
          ],
          "exposure": 220
        },
        {
          "data": [
            {
              "cd": 340.8279591712285,
              "exposure": 240,
              "focus": -1.5
            },
            {
              "cd": 285.45200224261544,
              "exposure": 240,
              "focus": -1.3571428571428572
            },
            {
              "cd": 327.93033605173457,
              "exposure": 240,
              "focus": -1.2142857142857144
            },
            {
              "cd": 285.2738728643963,
              "exposure": 240,
              "focus": -1.0714285714285714
            },
            {
              "cd": 328.7267272212491,
              "exposure": 240,
              "focus": -0.9285714285714286
            },
            {
              "cd": 327.94914039242457,
              "exposure": 240,
              "focus": -0.7857142857142858
            },
            {
              "cd": 297.8757885786355,
              "exposure": 240,
              "focus": -0.6428571428571429
            },
            {
              "cd": 273.3688618749318,
              "exposure": 240,
              "focus": -0.5
            },
            {
              "cd": 284.31637480339964,
              "exposure": 240,
              "focus": -0.3571428571428572
            },
            {
              "cd": 280.16811430840994,
              "exposure": 240,
              "focus": -0.2142857142857144
            },
            {
              "cd": 265.1790347220437,
              "exposure": 240,
              "focus": -0.0714285714285716
            },
            {
              "cd": 299.58770771554805,
              "exposure": 240,
              "focus": 0.0714285714285714
            },
            {
              "cd": 300.7052756979368,
              "exposure": 240,
              "focus": 0.2142857142857142
            },
            {
              "cd": 311.4478648987315,
              "exposure": 240,
              "focus": 0.357142857142857
            },
            {
              "cd": 341.73998341600594,
              "exposure": 240,
              "focus": 0.5
            }
          ],
          "exposure": 240
        },
        {
          "data": [
            {
              "cd": 364.7839270203741,
              "exposure": 260,
              "focus": -1.5
            },
            {
              "cd": 321.6020353509741,
              "exposure": 260,
              "focus": -1.3571428571428572
            },
            {
              "cd": 309.0761175755372,
              "exposure": 260,
              "focus": -1.2142857142857144
            },
            {
              "cd": 294.3472182178264,
              "exposure": 260,
              "focus": -1.0714285714285714
            },
            {
              "cd": 266.83785110708044,
              "exposure": 260,
              "focus": -0.9285714285714286
            },
            {
              "cd": 321.8877090429569,
              "exposure": 260,
              "focus": -0.7857142857142858
            },
            {
              "cd": 301.2895078891248,
              "exposure": 260,
              "focus": -0.6428571428571429
            },
            {
              "cd": 299.4380317790374,
              "exposure": 260,
              "focus": -0.5
            },
            {
              "cd": 299.9681914236467,
              "exposure": 260,
              "focus": -0.3571428571428572
            },
            {
              "cd": 279.2679889103918,
              "exposure": 260,
              "focus": -0.2142857142857144
            },
            {
              "cd": 285.51236775727443,
              "exposure": 260,
              "focus": -0.0714285714285716
            },
            {
              "cd": 304.51377240841737,
              "exposure": 260,
              "focus": 0.0714285714285714
            },
            {
              "cd": 317.323547998833,
              "exposure": 260,
              "focus": 0.2142857142857142
            },
            {
              "cd": 315.6872628994821,
              "exposure": 260,
              "focus": 0.357142857142857
            },
            {
              "cd": 347.0211015103124,
              "exposure": 260,
              "focus": 0.5
            }
          ],
          "exposure": 260
        },
        {
          "data": [
            {
              "cd": 315.8403967120985,
              "exposure": 280,
              "focus": -1.5
            },
            {
              "cd": 314.68795188746486,
              "exposure": 280,
              "focus": -1.3571428571428572
            },
            {
              "cd": 323.05377146386,
              "exposure": 280,
              "focus": -1.2142857142857144
            },
            {
              "cd": 330.3707533639993,
              "exposure": 280,
              "focus": -1.0714285714285714
            },
            {
              "cd": 305.4156415254443,
              "exposure": 280,
              "focus": -0.9285714285714286
            },
            {
              "cd": 304.9933697797773,
              "exposure": 280,
              "focus": -0.7857142857142858
            },
            {
              "cd": 288.2951925983934,
              "exposure": 280,
              "focus": -0.6428571428571429
            },
            {
              "cd": 305.39364665686094,
              "exposure": 280,
              "focus": -0.5
            },
            {
              "cd": 270.9663278394252,
              "exposure": 280,
              "focus": -0.3571428571428572
            },
            {
              "cd": 290.46984947841554,
              "exposure": 280,
              "focus": -0.2142857142857144
            },
            {
              "cd": 287.8057170247207,
              "exposure": 280,
              "focus": -0.0714285714285716
            },
            {
              "cd": 303.3684446606288,
              "exposure": 280,
              "focus": 0.0714285714285714
            },
            {
              "cd": 307.4297145756428,
              "exposure": 280,
              "focus": 0.2142857142857142
            },
            {
              "cd": 322.74238539202645,
              "exposure": 280,
              "focus": 0.357142857142857
            },
            {
              "cd": 325.68754983218736,
              "exposure": 280,
              "focus": 0.5
            }
          ],
          "exposure": 280
        },
        {
          "data": [
            {
              "cd": 320.4484662241816,
              "exposure": 300,
              "focus": -1.5
            },
            {
              "cd": 328.796951004798,
              "exposure": 300,
              "focus": -1.3571428571428572
            },
            {
              "cd": 290.1999478610932,
              "exposure": 300,
              "focus": -1.2142857142857144
            },
            {
              "cd": 312.06259183951937,
              "exposure": 300,
              "focus": -1.0714285714285714
            },
            {
              "cd": 308.1464941301855,
              "exposure": 300,
              "focus": -0.9285714285714286
            },
            {
              "cd": 304.76167955456816,
              "exposure": 300,
              "focus": -0.7857142857142858
            },
            {
              "cd": 293.40971634454377,
              "exposure": 300,
              "focus": -0.6428571428571429
            },
            {
              "cd": 294.3189759950027,
              "exposure": 300,
              "focus": -0.5
            },
            {
              "cd": 295.7601184535927,
              "exposure": 300,
              "focus": -0.3571428571428572
            },
            {
              "cd": 283.3444133064316,
              "exposure": 300,
              "focus": -0.2142857142857144
            },
            {
              "cd": 288.273002920812,
              "exposure": 300,
              "focus": -0.0714285714285716
            },
            {
              "cd": 280.579239708587,
              "exposure": 300,
              "focus": 0.0714285714285714
            },
            {
              "cd": 293.83946079004926,
              "exposure": 300,
              "focus": 0.2142857142857142
            },
            {
              "cd": 330.07685048476026,
              "exposure": 300,
              "focus": 0.357142857142857
            },
            {
              "cd": 341.1293303456823,
              "exposure": 300,
              "focus": 0.5
            }
          ],
          "exposure": 300
        },
        {
          "data": [
            {
              "cd": 292.667889903192,
              "exposure": 320,
              "focus": -1.5
            },
            {
              "cd": 351.046686225277,
              "exposure": 320,
              "focus": -1.3571428571428572
            },
            {
              "cd": 308.52892362126016,
              "exposure": 320,
              "focus": -1.2142857142857144
            },
            {
              "cd": 305.6543464149413,
              "exposure": 320,
              "focus": -1.0714285714285714
            },
            {
              "cd": 289.95387801188656,
              "exposure": 320,
              "focus": -0.9285714285714286
            },
            {
              "cd": 289.07972527918884,
              "exposure": 320,
              "focus": -0.7857142857142858
            },
            {
              "cd": 305.47335510434993,
              "exposure": 320,
              "focus": -0.6428571428571429
            },
            {
              "cd": 265.90561249130053,
              "exposure": 320,
              "focus": -0.5
            },
            {
              "cd": 272.7419324106416,
              "exposure": 320,
              "focus": -0.3571428571428572
            },
            {
              "cd": 307.32337648326467,
              "exposure": 320,
              "focus": -0.2142857142857144
            },
            {
              "cd": 293.4744816795051,
              "exposure": 320,
              "focus": -0.0714285714285716
            },
            {
              "cd": 316.79678822994816,
              "exposure": 320,
              "focus": 0.0714285714285714
            },
            {
              "cd": 309.48389654825604,
              "exposure": 320,
              "focus": 0.2142857142857142
            },
            {
              "cd": 327.3620493897111,
              "exposure": 320,
              "focus": 0.357142857142857
            },
            {
              "cd": 336.6691046640335,
              "exposure": 320,
              "focus": 0.5
            }
          ],
          "exposure": 320
        }
      ],
      "iso_focal_point": {
        "cd": 297.76341654001976,
        "focus": -0.6428571428571429,
        "variance": 28.823149435568908
      },
      "target_cd": 250
    },
    "chart_data": {
      "contour": {
        "cd_matrix": [
          [
            337.82559368695337,
            346.55208768766937,
            351.34275959207275,
            319.06174177539657,
            340.8279591712285,
            364.7839270203741,
            315.8403967120985,
            320.4484662241816,
            292.667889903192
          ],
          [
            309.38984759622247,
            325.7147581571785,
            342.99201945491063,
            342.63420709991993,
            285.45200224261544,
            321.6020353509741,
            314.68795188746486,
            328.796951004798,
            351.046686225277
          ],
          [
            350.5587980084912,
            322.3455549671294,
            323.066276628675,
            331.4159084880341,
            327.93033605173457,
            309.0761175755372,
            323.05377146386,
            290.1999478610932,
            308.52892362126016
          ],
          [
            307.558444416802,
            320.1759547096174,
            296.3661141867411,
            308.37981919609456,
            285.2738728643963,
            294.3472182178264,
            330.3707533639993,
            312.06259183951937,
            305.6543464149413
          ],
          [
            283.0818101902907,
            301.85669899553227,
            312.3148320747978,
            302.5371368603573,
            328.7267272212491,
            266.83785110708044,
            305.4156415254443,
            308.1464941301855,
            289.95387801188656
          ],
          [
            293.2812156794447,
            290.44634432558274,
            268.900070096672,
            296.89224968033847,
            327.94914039242457,
            321.8877090429569,
            304.9933697797773,
            304.76167955456816,
            289.07972527918884
          ],
          [
            294.1225487217558,
            303.98044137325746,
            294.0375453171193,
            301.3866529329979,
            297.8757885786355,
            301.2895078891248,
            288.2951925983934,
            293.40971634454377,
            305.47335510434993
          ],
          [
            305.1583104072466,
            278.0779072394903,
            305.3171855971896,
            288.67611014829816,
            273.3688618749318,
            299.4380317790374,
            305.39364665686094,
            294.3189759950027,
            265.90561249130053
          ],
          [
            297.0502425632689,
            280.12296098539343,
            300.55175767027254,
            301.47172932067065,
            284.31637480339964,
            299.9681914236467,
            270.9663278394252,
            295.7601184535927,
            272.7419324106416
          ],
          [
            299.31529615857926,
            296.47833500052496,
            309.09137371200404,
            285.78140966666047,
            280.16811430840994,
            279.2679889103918,
            290.46984947841554,
            283.3444133064316,
            307.32337648326467
          ],
          [
            303.2564034267506,
            300.67429325963013,
            305.1683089554049,
            297.73496151669474,
            265.1790347220437,
            285.51236775727443,
            287.8057170247207,
            288.273002920812,
            293.4744816795051
          ],
          [
            320.4060235195543,
            322.62453319065787,
            311.62426843544245,
            311.6895007500735,
            299.58770771554805,
            304.51377240841737,
            303.3684446606288,
            280.579239708587,
            316.79678822994816
          ],
          [
            280.54828396682746,
            322.57790501532213,
            281.5711986065217,
            318.17717767938234,
            300.7052756979368,
            317.323547998833,
            307.4297145756428,
            293.83946079004926,
            309.48389654825604
          ],
          [
            333.8628578581696,
            309.203789189289,
            330.7802998122251,
            295.40541932378227,
            311.4478648987315,
            315.6872628994821,
            322.74238539202645,
            330.07685048476026,
            327.3620493897111
          ],
          [
            357.96851476410524,
            334.92145686175775,
            338.7986709736193,
            358.1247838441277,
            341.73998341600594,
            347.0211015103124,
            325.68754983218736,
            341.1293303456823,
            336.6691046640335
          ]
        ],
        "exposure_grid": [
          [
            160,
            180,
            200,
            220,
            240,
            260,
            280,
            300,
            320
          ],
          [
            160,
            180,
            200,
            220,
            240,
            260,
            280,
            300,
            320
          ],
          [
            160,
            180,
            200,
            220,
            240,
            260,
            280,
            300,
            320
          ],
          [
            160,
            180,
            200,
            220,
            240,
            260,
            280,
            300,
            320
          ],
          [
            160,
            180,
            200,
            220,
            240,
            260,
            280,
            300,
            320
          ],
          [
            160,
            180,
            200,
            220,
            240,
            260,
            280,
            300,
            320
          ],
          [
            160,
            180,
            200,
            220,
            240,
            260,
            280,
            300,
            320
          ],
          [
            160,
            180,
            200,
            220,
            240,
            260,
            280,
            300,
            320
          ],
          [
            160,
            180,
            200,
            220,
            240,
            260,
            280,
            300,
            320
          ],
          [
            160,
            180,
            200,
            220,
            240,
            260,
            280,
            300,
            320
          ],
          [
            160,
            180,
            200,
            220,
            240,
            260,
            280,
            300,
            320
          ],
          [
            160,
            180,
            200,
            220,
            240,
            260,
            280,
            300,
            320
          ],
          [
            160,
            180,
            200,
            220,
            240,
            260,
            280,
            300,
            320
          ],
          [
            160,
            180,
            200,
            220,
            240,
            260,
            280,
            300,
            320
          ],
          [
            160,
            180,
            200,
            220,
            240,
            260,
            280,
            300,
            320
          ]
        ],
        "exposure_values": [
          160,
          180,
          200,
          220,
          240,
          260,
          280,
          300,
          320
        ],
        "focus_grid": [
          [
            -1.5,
            -1.5,
            -1.5,
            -1.5,
            -1.5,
            -1.5,
            -1.5,
            -1.5,
            -1.5
          ],
          [
            -1.3571428571428572,
            -1.3571428571428572,
            -1.3571428571428572,
            -1.3571428571428572,
            -1.3571428571428572,
            -1.3571428571428572,
            -1.3571428571428572,
            -1.3571428571428572,
            -1.3571428571428572
          ],
          [
            -1.2142857142857144,
            -1.2142857142857144,
            -1.2142857142857144,
            -1.2142857142857144,
            -1.2142857142857144,
            -1.2142857142857144,
            -1.2142857142857144,
            -1.2142857142857144,
            -1.2142857142857144
          ],
          [
            -1.0714285714285714,
            -1.0714285714285714,
            -1.0714285714285714,
            -1.0714285714285714,
            -1.0714285714285714,
            -1.0714285714285714,
            -1.0714285714285714,
            -1.0714285714285714,
            -1.0714285714285714
          ],
          [
            -0.9285714285714286,
            -0.9285714285714286,
            -0.9285714285714286,
            -0.9285714285714286,
            -0.9285714285714286,
            -0.9285714285714286,
            -0.9285714285714286,
            -0.9285714285714286,
            -0.9285714285714286
          ],
          [
            -0.7857142857142858,
            -0.7857142857142858,
            -0.7857142857142858,
            -0.7857142857142858,
            -0.7857142857142858,
            -0.7857142857142858,
            -0.7857142857142858,
            -0.7857142857142858,
            -0.7857142857142858
          ],
          [
            -0.6428571428571429,
            -0.6428571428571429,
            -0.6428571428571429,
            -0.6428571428571429,
            -0.6428571428571429,
            -0.6428571428571429,
            -0.6428571428571429,
            -0.6428571428571429,
            -0.6428571428571429
          ],
          [
            -0.5,
            -0.5,
            -0.5,
            -0.5,
            -0.5,
            -0.5,
            -0.5,
            -0.5,
            -0.5
          ],
          [
            -0.3571428571428572,
            -0.3571428571428572,
            -0.3571428571428572,
            -0.3571428571428572,
            -0.3571428571428572,
            -0.3571428571428572,
            -0.3571428571428572,
            -0.3571428571428572,
            -0.3571428571428572
          ],
          [
            -0.2142857142857144,
            -0.2142857142857144,
            -0.2142857142857144,
            -0.2142857142857144,
            -0.2142857142857144,
            -0.2142857142857144,
            -0.2142857142857144,
            -0.2142857142857144,
            -0.2142857142857144
          ],
          [
            -0.0714285714285716,
            -0.0714285714285716,
            -0.0714285714285716,
            -0.0714285714285716,
            -0.0714285714285716,
            -0.0714285714285716,
            -0.0714285714285716,
            -0.0714285714285716,
            -0.0714285714285716
          ],
          [
            0.0714285714285714,
            0.0714285714285714,
            0.0714285714285714,
            0.0714285714285714,
            0.0714285714285714,
            0.0714285714285714,
            0.0714285714285714,
            0.0714285714285714,
            0.0714285714285714
          ],
          [
            0.2142857142857142,
            0.2142857142857142,
            0.2142857142857142,
            0.2142857142857142,
            0.2142857142857142,
            0.2142857142857142,
            0.2142857142857142,
            0.2142857142857142,
            0.2142857142857142
          ],
          [
            0.357142857142857,
            0.357142857142857,
            0.357142857142857,
            0.357142857142857,
            0.357142857142857,
            0.357142857142857,
            0.357142857142857,
            0.357142857142857,
            0.357142857142857
          ],
          [
            0.5,
            0.5,
            0.5,
            0.5,
            0.5,
            0.5,
            0.5,
            0.5,
            0.5
          ]
        ],
        "focus_values": [
          -1.5,
          -1.3571428571428572,
          -1.2142857142857144,
          -1.0714285714285714,
          -0.9285714285714286,
          -0.7857142857142858,
          -0.6428571428571429,
          -0.5,
          -0.3571428571428572,
          -0.2142857142857144,
          -0.0714285714285716,
          0.0714285714285714,
          0.2142857142857142,
          0.357142857142857,
          0.5
        ]
      },
      "in_spec_points": [
        {
          "cd": 266.83785110708044,
          "exposure": 260,
          "focus": -0.9285714285714286
        },
        {
          "cd": 268.900070096672,
          "exposure": 200,
          "focus": -0.7857142857142858
        },
        {
          "cd": 273.3688618749318,
          "exposure": 240,
          "focus": -0.5
        },
        {
          "cd": 265.90561249130053,
          "exposure": 320,
          "focus": -0.5
        },
        {
          "cd": 270.9663278394252,
          "exposure": 280,
          "focus": -0.3571428571428572
        },
        {
          "cd": 272.7419324106416,
          "exposure": 320,
          "focus": -0.3571428571428572
        },
        {
          "cd": 265.1790347220437,
          "exposure": 240,
          "focus": -0.0714285714285716
        }
      ],
      "spec_limits": {
        "cd_max": 275,
        "cd_min": 225,
        "target_cd": 250,
        "tolerance_percent": 10
      }
    },
    "dof_at_el": {
      "results": [
        {
          "dof": 0,
          "el_percent": 5,
          "max_dof": 0,
          "min_dof": 0
        },
        {
          "dof": 0.1428571428571428,
          "el_percent": 10,
          "max_dof": 0.4285714285714284,
          "min_dof": 0
        },
        {
          "dof": 0.1428571428571428,
          "el_percent": 15,
          "max_dof": 0.4285714285714284,
          "min_dof": 0
        },
        {
          "dof": 0.1428571428571428,
          "el_percent": 20,
          "max_dof": 0.4285714285714284,
          "min_dof": 0
        }
      ]
    },
    "dof_el": {
      "avg_dof": 0.11428571428571424,
      "avg_el": 24,
      "dof_values": [
        {
          "dof": 0,
          "exposure": 200
        },
        {
          "dof": 0.4285714285714284,
          "exposure": 240
        },
        {
          "dof": 0,
          "exposure": 260
        },
        {
          "dof": 0,
          "exposure": 280
        },
        {
          "dof": 0.1428571428571428,
          "exposure": 320
        }
      ],
      "el_values": [
        {
          "el": 0,
          "focus": -0.9285714285714286
        },
        {
          "el": 0,
          "focus": -0.7857142857142858
        },
        {
          "el": 80,
          "focus": -0.5
        },
        {
          "el": 40,
          "focus": -0.3571428571428572
        },
        {
          "el": 0,
          "focus": -0.0714285714285716
        }
      ],
      "max_dof": 0.4285714285714284,
      "max_el": 80
    },
    "matrix_shape": [
      15,
      9
    ],
    "optimal_point": {
      "cd": 299.4380317790374,
      "cd_deviation": 49.438031779037374,
      "exposure": 260,
      "focus": -0.5,
      "found": true
    },
    "pattern_name": "Dense_250nm",
    "process_window": {
      "area": 102.85714285714283,
      "exposure_range": [
        200,
        320
      ],
      "focus_range": [
        -0.9285714285714286,
        -0.0714285714285716
      ],
      "found": true,
      "in_spec_fraction": 0.05185185185185185,
      "in_spec_points": 7,
      "total_points": 135
    },
    "statistics": {
      "max_cd": 364.7839270203741,
      "mean_cd": 307.95084721763743,
      "median_cd": 305.3171855971896,
      "min_cd": 265.1790347220437,
      "range_cd": 99.60489229833041,
      "std_cd": 21.226407722873912
    },
    "success": true
  },
  "chart_data": {
    "contour": {
      "cd_matrix": [
        [
          337.82559368695337,
          346.55208768766937,
          351.34275959207275,
          319.06174177539657,
          340.8279591712285,
          364.7839270203741,
          315.8403967120985,
          320.4484662241816,
          292.667889903192
        ],
        [
          309.38984759622247,
          325.7147581571785,
          342.99201945491063,
          342.63420709991993,
          285.45200224261544,
          321.6020353509741,
          314.68795188746486,
          328.796951004798,
          351.046686225277
        ],
        [
          350.5587980084912,
          322.3455549671294,
          323.066276628675,
          331.4159084880341,
          327.93033605173457,
          309.0761175755372,
          323.05377146386,
          290.1999478610932,
          308.52892362126016
        ],
        [
          307.558444416802,
          320.1759547096174,
          296.3661141867411,
          308.37981919609456,
          285.2738728643963,
          294.3472182178264,
          330.3707533639993,
          312.06259183951937,
          305.6543464149413
        ],
        [
          283.0818101902907,
          301.85669899553227,
          312.3148320747978,
          302.5371368603573,
          328.7267272212491,
          266.83785110708044,
          305.4156415254443,
          308.1464941301855,
          289.95387801188656
        ],
        [
          293.2812156794447,
          290.44634432558274,
          268.900070096672,
          296.89224968033847,
          327.94914039242457,
          321.8877090429569,
          304.9933697797773,
          304.76167955456816,
          289.07972527918884
        ],
        [
          294.1225487217558,
          303.98044137325746,
          294.0375453171193,
          301.3866529329979,
          297.8757885786355,
          301.2895078891248,
          288.2951925983934,
          293.40971634454377,
          305.47335510434993
        ],
        [
          305.1583104072466,
          278.0779072394903,
          305.3171855971896,
          288.67611014829816,
          273.3688618749318,
          299.4380317790374,
          305.39364665686094,
          294.3189759950027,
          265.90561249130053
        ],
        [
          297.0502425632689,
          280.12296098539343,
          300.55175767027254,
          301.47172932067065,
          284.31637480339964,
          299.9681914236467,
          270.9663278394252,
          295.7601184535927,
          272.7419324106416
        ],
        [
          299.31529615857926,
          296.47833500052496,
          309.09137371200404,
          285.78140966666047,
          280.16811430840994,
          279.2679889103918,
          290.46984947841554,
          283.3444133064316,
          307.32337648326467
        ],
        [
          303.2564034267506,
          300.67429325963013,
          305.1683089554049,
          297.73496151669474,
          265.1790347220437,
          285.51236775727443,
          287.8057170247207,
          288.273002920812,
          293.4744816795051
        ],
        [
          320.4060235195543,
          322.62453319065787,
          311.62426843544245,
          311.6895007500735,
          299.58770771554805,
          304.51377240841737,
          303.3684446606288,
          280.579239708587,
          316.79678822994816
        ],
        [
          280.54828396682746,
          322.57790501532213,
          281.5711986065217,
          318.17717767938234,
          300.7052756979368,
          317.323547998833,
          307.4297145756428,
          293.83946079004926,
          309.48389654825604
        ],
        [
          333.8628578581696,
          309.203789189289,
          330.7802998122251,
          295.40541932378227,
          311.4478648987315,
          315.6872628994821,
          322.74238539202645,
          330.07685048476026,
          327.3620493897111
        ],
        [
          357.96851476410524,
          334.92145686175775,
          338.7986709736193,
          358.1247838441277,
          341.73998341600594,
          347.0211015103124,
          325.68754983218736,
          341.1293303456823,
          336.6691046640335
        ]
      ],
      "exposure_grid": [
        [
          160,
          180,
          200,
          220,
          240,
          260,
          280,
          300,
          320
        ],
        [
          160,
          180,
          200,
          220,
          240,
          260,
          280,
          300,
          320
        ],
        [
          160,
          180,
          200,
          220,
          240,
          260,
          280,
          300,
          320
        ],
        [
          160,
          180,
          200,
          220,
          240,
          260,
          280,
          300,
          320
        ],
        [
          160,
          180,
          200,
          220,
          240,
          260,
          280,
          300,
          320
        ],
        [
          160,
          180,
          200,
          220,
          240,
          260,
          280,
          300,
          320
        ],
        [
          160,
          180,
          200,
          220,
          240,
          260,
          280,
          300,
          320
        ],
        [
          160,
          180,
          200,
          220,
          240,
          260,
          280,
          300,
          320
        ],
        [
          160,
          180,
          200,
          220,
          240,
          260,
          280,
          300,
          320
        ],
        [
          160,
          180,
          200,
          220,
          240,
          260,
          280,
          300,
          320
        ],
        [
          160,
          180,
          200,
          220,
          240,
          260,
          280,
          300,
          320
        ],
        [
          160,
          180,
          200,
          220,
          240,
          260,
          280,
          300,
          320
        ],
        [
          160,
          180,
          200,
          220,
          240,
          260,
          280,
          300,
          320
        ],
        [
          160,
          180,
          200,
          220,
          240,
          260,
          280,
          300,
          320
        ],
        [
          160,
          180,
          200,
          220,
          240,
          260,
          280,
          300,
          320
        ]
      ],
      "exposure_values": [
        160,
        180,
        200,
        220,
        240,
        260,
        280,
        300,
        320
      ],
      "focus_grid": [
        [
          -1.5,
          -1.5,
          -1.5,
          -1.5,
          -1.5,
          -1.5,
          -1.5,
          -1.5,
          -1.5
        ],
        [
          -1.3571428571428572,
          -1.3571428571428572,
          -1.3571428571428572,
          -1.3571428571428572,
          -1.3571428571428572,
          -1.3571428571428572,
          -1.3571428571428572,
          -1.3571428571428572,
          -1.3571428571428572
        ],
        [
          -1.2142857142857144,
          -1.2142857142857144,
          -1.2142857142857144,
          -1.2142857142857144,
          -1.2142857142857144,
          -1.2142857142857144,
          -1.2142857142857144,
          -1.2142857142857144,
          -1.2142857142857144
        ],
        [
          -1.0714285714285714,
          -1.0714285714285714,
          -1.0714285714285714,
          -1.0714285714285714,
          -1.0714285714285714,
          -1.0714285714285714,
          -1.0714285714285714,
          -1.0714285714285714,
          -1.0714285714285714
        ],
        [
          -0.9285714285714286,
          -0.9285714285714286,
          -0.9285714285714286,
          -0.9285714285714286,
          -0.9285714285714286,
          -0.9285714285714286,
          -0.9285714285714286,
          -0.9285714285714286,
          -0.9285714285714286
        ],
        [
          -0.7857142857142858,
          -0.7857142857142858,
          -0.7857142857142858,
          -0.7857142857142858,
          -0.7857142857142858,
          -0.7857142857142858,
          -0.7857142857142858,
          -0.7857142857142858,
          -0.7857142857142858
        ],
        [
          -0.6428571428571429,
          -0.6428571428571429,
          -0.6428571428571429,
          -0.6428571428571429,
          -0.6428571428571429,
          -0.6428571428571429,
          -0.6428571428571429,
          -0.6428571428571429,
          -0.6428571428571429
        ],
        [
          -0.5,
          -0.5,
          -0.5,
          -0.5,
          -0.5,
          -0.5,
          -0.5,
          -0.5,
          -0.5
        ],
        [
          -0.3571428571428572,
          -0.3571428571428572,
          -0.3571428571428572,
          -0.3571428571428572,
          -0.3571428571428572,
          -0.3571428571428572,
          -0.3571428571428572,
          -0.3571428571428572,
          -0.3571428571428572
        ],
        [
          -0.2142857142857144,
          -0.2142857142857144,
          -0.2142857142857144,
          -0.2142857142857144,
          -0.2142857142857144,
          -0.2142857142857144,
          -0.2142857142857144,
          -0.2142857142857144,
          -0.2142857142857144
        ],
        [
          -0.0714285714285716,
          -0.0714285714285716,
          -0.0714285714285716,
          -0.0714285714285716,
          -0.0714285714285716,
          -0.0714285714285716,
          -0.0714285714285716,
          -0.0714285714285716,
          -0.0714285714285716
        ],
        [
          0.0714285714285714,
          0.0714285714285714,
          0.0714285714285714,
          0.0714285714285714,
          0.0714285714285714,
          0.0714285714285714,
          0.0714285714285714,
          0.0714285714285714,
          0.0714285714285714
        ],
        [
          0.2142857142857142,
          0.2142857142857142,
          0.2142857142857142,
          0.2142857142857142,
          0.2142857142857142,
          0.2142857142857142,
          0.2142857142857142,
          0.2142857142857142,
          0.2142857142857142
        ],
        [
          0.357142857142857,
          0.357142857142857,
          0.357142857142857,
          0.357142857142857,
          0.357142857142857,
          0.357142857142857,
          0.357142857142857,
          0.357142857142857,
          0.357142857142857
        ],
        [
          0.5,
          0.5,
          0.5,
          0.5,
          0.5,
          0.5,
          0.5,
          0.5,
          0.5
        ]
      ],
      "focus_values": [
        -1.5,
        -1.3571428571428572,
        -1.2142857142857144,
        -1.0714285714285714,
        -0.9285714285714286,
        -0.7857142857142858,
        -0.6428571428571429,
        -0.5,
        -0.3571428571428572,
        -0.2142857142857144,
        -0.0714285714285716,
        0.0714285714285714,
        0.2142857142857142,
        0.357142857142857,
        0.5
      ]
    },
    "in_spec_points": [
      {
        "cd": 266.83785110708044,
        "exposure": 260,
        "focus": -0.9285714285714286
      },
      {
        "cd": 268.900070096672,
        "exposure": 200,
        "focus": -0.7857142857142858
      },
      {
        "cd": 273.3688618749318,
        "exposure": 240,
        "focus": -0.5
      },
      {
        "cd": 265.90561249130053,
        "exposure": 320,
        "focus": -0.5
      },
      {
        "cd": 270.9663278394252,
        "exposure": 280,
        "focus": -0.3571428571428572
      },
      {
        "cd": 272.7419324106416,
        "exposure": 320,
        "focus": -0.3571428571428572
      },
      {
        "cd": 265.1790347220437,
        "exposure": 240,
        "focus": -0.0714285714285716
      }
    ],
    "spec_limits": {
      "cd_max": 275,
      "cd_min": 225,
      "target_cd": 250,
      "tolerance_percent": 10
    }
  }
}