[
  {
    "id": "20260123232642",
    "username": "Daniel",
    "timestamp": "20260123232642",
    "datetime": "2026-01-23 23:26:42",
    "filename": "Daniel_20260123232642.json",
    "parameters": {
      "target_cd": 45,
      "tolerance": 10,
      "data_file": "lithography_data.csv"
    },
    "summary": {
      "dof": 0.8,
      "el": 8,
      "yield": 94.11764705882352
    }
  },
  {
    "id": "20260124073126",
    "username": "Daniel",
    "timestamp": "20260124073126",
    "datetime": "2026-01-24 07:31:26",
    "filename": "Daniel_20260124073126.json",
    "parameters": {
      "target_cd": 45,
      "tolerance": 10,
      "data_file": "lithography_data.csv"
    },
    "summary": {
      "dof": 0.8,
      "el": 8,
      "yield": 94.11764705882352
    }
  },
  {
    "id": "20260131180253",
    "username": "Daniel",
    "timestamp": "20260131180253",
    "datetime": "2026-01-31 18:02:53",
    "filename": "Daniel_20260131180253.json",
    "parameters": {
      "target_cd": 41.5,
      "tolerance": 7,
      "data_file": "lithography_data.csv"
    },
    "summary": {
      "dof": 0.75,
      "el": 3,
      "yield": 29.411764705882355
    }
  },
  {
    "id": "20260131183526",
    "username": "Daniel",
    "timestamp": "20260131183526",
    "datetime": "2026-01-31 18:35:26",
    "filename": "Daniel_20260131183526.json",
    "parameters": {
      "target_cd": 250,
      "tolerance": null,
      "data_file": null
    },
    "summary": {
      "dof": null,
      "el": null,
      "yield": null
    }
  },
  {
    "id": "20260131183541",
    "username": "Daniel",
    "timestamp": "20260131183541",
    "datetime": "2026-01-31 18:35:41",
    "filename": "Daniel_20260131183541.json",
    "parameters": {
      "target_cd": 250,
      "tolerance": null,
      "data_file": null
    },
    "summary": {
      "dof": null,
      "el": null,
      "yield": null
    }
  },
  {
    "id": "20260131183555",
    "username": "Daniel",
    "timestamp": "20260131183555",
    "datetime": "2026-01-31 18:35:55",
    "filename": "Daniel_20260131183555.json",
    "parameters": {
      "target_cd": 250,
      "tolerance": null,
      "data_file": null
    },
    "summary": {
      "dof": null,
      "el": null,
      "yield": null
    }
  },
  {
    "id": "Daniel_20260131183937",
    "username": "Daniel",
    "timestamp": "20260131183937",
    "datetime": "2026-01-31 18:39:37",
    "filename": "Daniel_20260131183937.json",
    "parameters": {
      "target_cd": 250,
      "tolerance": null,
      "data_file": null,
      "tool": "FEM"
    },
    "summary": {
      "dof": null,
      "el": null,
      "yield": null
    }
  }
]